Date,Candidate_Price,Candidate_Return,USDKRW_Close,QQQ_Close,SOXL_Close
2023-09-22,100.0,,1341.1700439453125,357.9100036621094,17.84000015258789
2023-09-25,101.30250737164737,0.013025073716473656,1338.449951171875,359.6099853515625,18.21999931335449
2023-09-26,97.80149317455358,-0.03455999548214195,1353.75,354.2099914550781,17.239999771118164
2023-09-27,99.15063184095642,0.013794663277736818,1352.8199462890625,355.0400085449219,17.68000030517578
2023-09-28,102.25612115388101,0.0313209230769802,1347.8499755859375,358.010009765625,18.63999938964844
2023-09-29,102.93706312615451,0.006659180541854992,1347.8499755859375,358.2699890136719,18.8700008392334
2023-10-02,103.9393842696312,0.009737223047137977,1354.18994140625,361.260009765625,19.07999992370605
2023-10-03,99.78282530017168,-0.039990221210825294,1359.219970703125,354.9200134277344,17.889999389648438
2023-10-04,102.52234297504697,0.027454801631785264,1351.1600341796875,359.75,18.63999938964844
2023-10-05,101.71545824759582,-0.007870330544899273,1346.06005859375,358.69000244140625,18.39999961853028
2023-10-06,105.49730570710622,0.03718065596582809,1346.06005859375,364.7000122070313,19.46999931335449
2023-10-09,105.52249518142148,0.00023876888747453862,1346.8900146484375,366.55999755859375,19.3799991607666
2023-10-10,107.63128800832853,0.019984296460024753,1341.8900146484375,368.5899963378906,20.049999237060547
2023-10-11,109.2579279127948,0.015113076639391432,1338.260009765625,371.2200012207031,20.51000022888184
2023-10-12,109.53191542449372,0.002507712867459988,1348.3399658203125,369.9299926757813,20.68000030517578
2023-10-13,104.2536717526023,-0.04818909311898223,1348.3399658203125,365.2799987792969,18.979999542236328
2023-10-16,107.12255806458822,0.027518323947322232,1347.760009765625,369.4100036621094,19.809999465942383
2023-10-17,105.54921864672102,-0.014687283857790057,1352.989990234375,368.2000122070313,19.299999237060547
2023-10-18,102.05862406664544,-0.03307077612539033,1354.56005859375,363.3699951171875,18.280000686645508
2023-10-19,99.23898364922127,-0.027627654627039755,1356.22998046875,359.9700012207031,17.43000030517578
2023-10-20,96.30299967009918,-0.029584986374909583,1356.22998046875,354.6000061035156,16.639999389648438
2023-10-23,95.72486705402527,-0.006003266960057263,1334.43994140625,355.6700134277344,16.389999389648438
2023-10-24,98.07562530200488,0.024557445941950418,1343.6400146484375,359.1300048828125,17.040000915527344
2023-10-25,90.89201861747972,-0.0732455863768866,1352.6800537109375,350.3399963378906,14.970000267028809
2023-10-26,89.29044062710591,-0.017620666970925902,1350.3399658203125,343.6600036621094,14.729999542236328
2023-10-27,90.5851738430473,0.014500244447761768,1350.3399658203125,345.3099975585937,15.100000381469728
2023-10-30,89.38568555616295,-0.013241551967021037,1355.219970703125,349.20001220703125,14.529999732971191
2023-10-31,90.71454685358043,0.014866600721907819,1348.0699462890625,350.8699951171875,14.899999618530272
2023-11-01,94.66282625607326,0.043524214576804665,1350.1600341796875,356.9599914550781,15.949999809265137
2023-11-02,98.90222242166706,0.044784170653491495,1347.8399658203125,363.4400024414063,17.079999923706055
2023-11-03,103.3616549451384,0.04508930552094825,1333.6800537109375,367.7099914550781,18.3799991607666
2023-11-06,103.20694537633024,-0.0014967791381655937,1307.8399658203125,369.2099914550781,18.25
2023-11-07,104.68159012891518,0.014288231738744273,1297.1099853515625,372.7000122070313,18.600000381469727
2023-11-08,104.91214516211929,0.0022024410683882945,1304.550048828125,372.9400024414063,18.670000076293945
2023-11-09,103.72146857922498,-0.011349273061325493,1308.1199951171875,370.0700073242188,18.38999938964844
2023-11-10,111.10490151552663,0.07118519470886597,1315.199951171875,378.3900146484375,20.600000381469727
2023-11-13,109.36756125892093,-0.01563693620090123,1319.6199951171875,377.2099914550781,20.020000457763672
2023-11-14,116.27672481822489,0.0631737919340356,1319.0699462890625,385.3299865722656,22.13999938964844
2023-11-15,117.64069435335149,0.011730374563429624,1304.239990234375,385.6199951171875,22.6299991607666
2023-11-16,117.93185033449936,0.0024749597301196857,1301.8599853515625,385.9500122070313,22.71999931335449
2023-11-17,119.05071807910024,0.0094874093930295,1292.449951171875,386.0400085449219,23.1299991607666
2023-11-20,122.47762262601827,0.028785248860415225,1294.5,390.739990234375,24.18000030517578
2023-11-21,118.67909400906807,-0.03101406228751602,1288.1500244140625,388.4700012207031,22.84000015258789
2023-11-22,119.33602488999237,0.005535354700922479,1295.18994140625,390.05999755859375,23.0
2023-11-23,119.33602488999237,0.0,1298.7900390625,390.05999755859375,23.0
2023-11-24,119.48283622046606,0.0012302347979917805,1300.1800537109375,389.510009765625,23.09000015258789
2023-11-27,119.12020739735635,-0.003034986736007772,1289.7900390625,389.1700134277344,22.96999931335449
2023-11-28,118.16410189223339,-0.008026392213485889,1302.530029296875,390.1900024414063,22.540000915527344
2023-11-29,119.865197643495,0.014396045194952745,1287.530029296875,389.80999755859375,23.21999931335449
2023-11-30,118.65408331516414,-0.010103969727167761,1288.3599853515625,388.8299865722656,22.809999465942383
2023-12-01,119.49703894409166,0.007104312008281211,1296.6600341796875,389.9400024414063,23.06999969482422
2023-12-04,116.97405652020134,-0.021113346792389742,1299.18994140625,386.3200073242188,22.309999465942383
2023-12-05,116.13853282446523,-0.0071428120097024594,1307.800048828125,387.2900085449219,21.93000030517578
2023-12-06,114.60395871697024,-0.013213307161494714,1313.3699951171875,385.0499877929688,21.46999931335449
2023-12-07,119.85700597743345,0.04583652536328442,1313.719970703125,390.4299926757813,23.18000030517578
2023-12-08,121.47035902025567,0.013460648625963412,1312.760009765625,392.1700134277344,23.700000762939453
2023-12-11,128.16519210548105,0.05511495264543509,1316.510009765625,395.5199890136719,26.11000061035156
2023-12-12,130.03687180346856,0.014603650704530624,1313.6199951171875,398.6700134277344,26.64999961853028
2023-12-13,134.07664328613416,0.03106635392437851,1310.1400146484375,403.739990234375,27.920000076293945
2023-12-14,139.83969509374668,0.0429832643953767,1292.010009765625,403.3900146484375,30.190000534057617
2023-12-15,141.11549863370428,0.009123328959651289,1291.9200439453125,405.3399963378906,30.56999969482422
2023-12-18,140.77212242007542,-0.002433299084462437,1276.469970703125,407.0799865722656,30.290000915527344
2023-12-19,142.1959029452013,0.010114080122179514,1302.9300537109375,409.1600036621094,30.75
2023-12-20,135.02116216373832,-0.0504567335124132,1297.760009765625,403.0799865722656,28.100000381469727
2023-12-21,140.82298777899263,0.04296975023973282,1296.97998046875,407.7699890136719,30.26000022888184
2023-12-22,141.506191476524,0.004851506904565817,1291.7099609375,408.3800048828125,30.51000022888184
2023-12-25,141.506191476524,0.0,1297.3599853515625,408.3800048828125,30.51000022888184
2023-12-26,145.76569521851113,0.03010118283547869,1294.5799560546875,410.8800048828125,32.15999984741211
2023-12-27,146.31372062404543,0.003759632228370169,1293.9200439453125,411.5,32.349998474121094
2023-12-28,145.97760253493243,-0.002297242443698444,1294.760009765625,411.2999877929688,32.220001220703125
2023-12-29,143.7676176489564,-0.015139205245182641,1277.8399658203125,409.5199890136719,31.39999961853028
2024-01-01,143.7676176489564,0.0,1293.530029296875,409.5199890136719,31.39999961853028
2024-01-02,134.85916055936508,-0.0619642812148663,1293.5400390625,402.5899963378906,28.040000915527344
2024-01-03,130.01355597839853,-0.035930852311908845,1307.6199951171875,398.3299865722656,26.25
2024-01-04,128.11989110355393,-0.014565134078474373,1309.530029296875,396.2799987792969,25.57999992370605
2024-01-05,129.00364482514388,0.006897865069801279,1311.25,396.75,25.93000030517578
2024-01-08,136.55560703073795,0.058540688643567096,1313.1300048828125,404.9500122070313,28.43000030517578
2024-01-09,136.66078949719864,0.0007702537358060813,1311.800048828125,405.75,28.420000076293945
2024-01-10,136.48598794519742,-0.0012790907519585337,1319.7900390625,408.5,28.170000076293945
2024-01-11,137.34556121716693,0.006297886580962864,1317.5,409.3500061035156,28.459999084472656
2024-01-12,136.48419076258836,-0.006271556553739677,1311.989990234375,409.55999755859375,28.100000381469727
2024-01-15,136.48419076258836,0.0,1312.8499755859375,409.55999755859375,28.100000381469727
2024-01-16,139.12463806378602,0.01934617691942564,1319.7099609375,409.5199890136719,29.190000534057617
2024-01-17,136.89404524019866,-0.0160330539193545,1337.7900390625,407.2099914550781,28.43000030517578
2024-01-18,144.55990848025525,0.05599851495808905,1344.050048828125,412.989990234375,31.190000534057617
2024-01-19,154.83730857256063,0.0710944009328085,1337.6600341796875,421.1799926757813,34.86000061035156
2024-01-22,155.82674234884487,0.00639015096171458,1333.2099609375,421.7300109863281,35.2599983215332
2024-01-23,157.61417361970234,0.01147063234406831,1338.739990234375,423.4800109863281,35.91999816894531
2024-01-24,161.37739867305936,0.0238761842728501,1336.780029296875,425.8299865722656,37.41999816894531
2024-01-25,160.80673361578891,-0.0035362142528184703,1329.8900146484375,426.3500061035156,37.119998931884766
2024-01-26,153.43301626904145,-0.045854530969861584,1336.030029296875,423.80999755859375,34.0099983215332
2024-01-29,156.54200779367278,0.02026285867430122,1336.760009765625,428.1499938964844,35.040000915527344
2024-01-30,152.61999160091932,-0.025054081316772114,1333.2099609375,425.2999877929688,33.529998779296875
2024-01-31,147.8864702375517,-0.031015080748694746,1326.6199951171875,416.9700012207031,32.099998474121094
2024-02-01,149.56476258028493,0.011348518495555293,1333.9100341796875,421.8800048828125,32.45000076293945
2024-02-02,153.5622567100287,0.02672751295678988,1328.949951171875,429.010009765625,33.650001525878906
2024-02-05,156.7705731367593,0.02089261056373304,1337.72998046875,428.4500122070313,35.099998474121094
2024-02-06,153.71882987812168,-0.019466301599697755,1333.3900146484375,427.5899963378906,33.83000183105469
2024-02-07,157.99739467156076,0.027833706494067023,1326.7900390625,431.989990234375,35.36000061035156
2024-02-08,162.2249234152436,0.026756952242604326,1327.6199951171875,432.7900085449219,37.150001525878906
2024-02-09,167.9387525151618,0.03522164769523517,1331.469970703125,437.0499877929688,39.31999969482422
2024-02-12,167.24717826968057,-0.004118014663821001,1330.06005859375,435.3399963378906,39.150001525878906
2024-02-13,161.00953300350557,-0.03729596714700323,1328.5,428.5499877929688,36.84000015258789
2024-02-14,166.7757969454034,0.035813183445307484,1340.7900390625,433.2200012207031,39.119998931884766
2024-02-15,167.0022914222991,0.001358077617040765,1326.0,434.510009765625,39.11000061035156
2024-02-16,164.57959062544185,-0.014506991348585463,1327.6600341796875,430.5700073242188,38.33000183105469
2024-02-19,164.57959062544185,0.0,1331.5799560546875,430.5700073242188,38.33000183105469
2024-02-20,159.85791351356522,-0.028689323469168526,1333.3399658203125,427.3200073242188,36.41999816894531
2024-02-21,158.9299741610306,-0.0058047758296049246,1333.75,425.6099853515625,36.13999938964844
2024-02-22,172.64681940054794,0.08630747794383442,1332.8699951171875,438.0700073242188,41.41999816894531
2024-02-23,169.71667907933167,-0.016971875481923693,1327.1700439453125,436.7799987792969,40.16999816894531
2024-02-26,171.8689738636617,0.01268169278355935,1330.0,436.5499877929688,41.209999084472656
2024-02-27,171.8617283243242,-4.21573433215805e-05,1331.719970703125,437.6000061035156,41.11000061035156
2024-02-28,168.64169634366993,-0.018736178275698845,1331.7900390625,435.2699890136719,39.79999923706055
2024-02-29,175.7883118229102,0.04237751181461302,1333.3800048828125,439.0,42.84000015258789
2024-03-01,188.67003242010003,0.07327973324055193,1335.199951171875,445.6099853515625,48.33000183105469
2024-03-04,191.1441563523234,0.013113497148897313,1330.9000244140625,444.0199890136719,49.77000045776367
2024-03-05,183.73786960424036,-0.038747126197420934,1328.93994140625,436.0499877929688,46.84000015258789
2024-03-06,190.91533029884155,0.03906358939537613,1333.4300537109375,438.7900085449219,50.220001220703125
2024-03-07,202.27989769078727,0.059526740854999094,1327.0899658203125,445.4500122070313,55.31999969482422
2024-03-08,188.48511121253327,-0.06819652687060995,1321.1800537109375,439.0199890136719,48.95000076293945
2024-03-11,183.9380961833338,-0.024124001094560255,1315.97998046875,437.3900146484375,46.77000045776367
2024-03-12,190.6940931607534,0.036729732000084336,1310.5400390625,443.6600036621094,49.58000183105469
2024-03-13,183.22359514704573,-0.03917529845777712,1311.1500244140625,440.25,46.08000183105469
2024-03-14,178.07584432019198,-0.02809545802614799,1313.6500244140625,439.1400146484375,43.52999877929688
2024-03-15,175.4343216362853,-0.014833694564194033,1321.9200439453125,433.9200134277344,42.7400016784668
2024-03-18,175.7435067826345,0.0017623982779733094,1329.3399658203125,437.4800109863281,42.540000915527344
2024-03-19,173.66521986343957,-0.01182568253725258,1336.0899658203125,438.5700073242188,41.41999816894531
2024-03-20,178.78004576223228,0.02945221790992303,1337.02001953125,443.7699890136719,43.400001525878906
2024-03-21,185.1768821216482,0.03578048283936197,1330.1099853515625,445.8699951171875,46.310001373291016
2024-03-22,185.52625988336752,0.001886724507488946,1334.6800537109375,446.3800048828125,46.43000030517578
2024-03-25,184.11073024428376,-0.0076298074459844045,1343.5999755859375,444.760009765625,45.88999938964844
2024-03-26,182.09327349813574,-0.010957844463878819,1339.1300048828125,443.3200073242188,45.02999877929688
2024-03-27,185.34400079278038,0.017851989984011718,1343.06005859375,444.8299865722656,46.5
2024-03-28,185.23353472698082,-0.000596005618347828,1349.800048828125,444.010009765625,46.52999877929688
2024-03-29,185.23353472698082,0.0,1349.800048828125,444.010009765625,46.52999877929688
2024-04-01,188.33570962731102,0.01674737193188336,1355.530029296875,444.9500122070313,47.9900016784668
2024-04-02,183.3348101878143,-0.026553113317664412,1350.72998046875,441.1099853515625,45.880001068115234
2024-04-03,184.1583623981243,0.004492066779169246,1344.8399658203125,442.1000061035156,46.18999862670898
2024-04-04,175.14466973892814,-0.048945334557818354,1351.3599853515625,435.3399963378906,42.369998931884766
2024-04-05,178.70283866104887,0.020315599255315897,1351.3599853515625,440.4700012207031,43.619998931884766
2024-04-08,179.50760681333696,0.004503387625613087,1354.219970703125,440.6000061035156,44.0
2024-04-09,182.68554255328436,0.017703627140726264,1348.5400390625,442.2300109863281,45.38999938964844
2024-04-10,177.1911904143924,-0.030075462251148988,1363.760009765625,438.3699951171875,43.09000015258789
2024-04-11,184.1623488533531,0.039342579180474235,1367.8399658203125,445.3699951171875,45.79999923706055
2024-04-12,173.93442021934814,-0.055537566162068064,1367.8399658203125,438.2699890136719,41.5099983215332
2024-04-15,168.87921439478447,-0.029063861070100838,1387.6700439453125,431.05999755859375,39.77999877929688
2024-04-16,170.4794267919105,0.009475484611062068,1387.3399658203125,431.1000061035156,40.540000915527344
2024-04-17,162.1447529321874,-0.04888961686794335,1379.5400390625,425.8399963378906,37.060001373291016
2024-04-18,157.1581141658675,-0.03075424073947952,1379.4000244140625,423.4100036621094,34.90999984741211
2024-04-19,146.78806820610473,-0.06598479508870936,1379.4000244140625,414.6499938964844,30.790000915527344
2024-04-22,150.5772997943851,0.025814302446980575,1378.8399658203125,418.8200073242188,32.06999969482422
2024-04-23,156.54630879186448,0.03964082903352706,1370.47998046875,425.0700073242188,34.11000061035156
2024-04-24,160.09069710926482,0.022641149093542534,1376.969970703125,426.510009765625,35.4900016784668
2024-04-25,164.3027666027703,0.026310520033719698,1371.699951171875,424.4500122070313,37.40999984741211
2024-04-26,171.15916447979694,0.041730264308957876,1371.699951171875,431.0,39.79999923706055
2024-04-29,173.24834338389175,0.012206059257442892,1374.6400146484375,432.75,40.61000061035156
2024-04-30,166.40300304646865,-0.039511721749944106,1385.4599609375,424.5899963378906,38.18000030517578
2024-05-01,157.60100040438593,-0.05289569587650256,1375.0,421.5199890136719,34.369998931884766
2024-05-02,163.14176175137112,0.035156891978910254,1364.6400146484375,426.8999938964844,36.45000076293945
2024-05-03,170.264022171772,0.04365688064136064,1364.6400146484375,435.4800109863281,38.970001220703125
2024-05-06,176.28651042587632,0.03537146707381589,1352.1700439453125,440.25,41.29999923706055
2024-05-07,174.24671987197294,-0.011570882814434302,1357.72998046875,440.3200073242188,40.36000061035156
2024-05-08,174.3051165038214,0.00033513762492276555,1361.93994140625,440.05999755859375,40.40999984741211
2024-05-09,173.5097350229582,-0.004563156244732247,1365.4000244140625,441.0199890136719,39.959999084472656
2024-05-10,176.05051678962184,0.014643453673232942,1365.4000244140625,442.05999755859375,41.02999877929688
2024-05-13,176.7685189141005,0.004078386917413468,1363.7900390625,443.0799865722656,41.27000045776367
2024-05-14,181.49807614107743,0.026755653416292047,1362.550048828125,445.9299926757813,43.209999084472656
2024-05-15,191.01700028928596,0.05244641899570057,1353.5999755859375,452.8999938964844,47.0
2024-05-16,189.24621799917784,-0.009270286348473489,1346.0400390625,451.9800109863281,46.2599983215332
2024-05-17,187.35738360093163,-0.009980830360659665,1346.0400390625,451.760009765625,45.400001525878906
2024-05-20,193.89128592388926,0.03487400494914428,1360.1600341796875,454.9100036621094,48.25
2024-05-21,193.518715554504,-0.00192154261915356,1363.4200439453125,455.7999877929688,47.97999954223633
2024-05-22,196.38882685116218,0.014831182030297319,1365.81005859375,455.7099914550781,49.380001068115234
2024-05-23,194.78759200748374,-0.008153390747081435,1367.6199951171875,453.6600036621094,48.810001373291016
2024-05-24,201.1039400377793,0.032426850012360564,1367.6199951171875,457.9500122070313,51.43999862670898
2024-05-27,201.1039400377793,0.0,1360.9300537109375,457.9500122070313,51.43999862670898
2024-05-28,206.56612732732867,0.027161015783794484,1362.760009765625,459.6799926757813,54.040000915527344
2024-05-29,199.87320764412362,-0.032400857632380875,1370.550048828125,456.4400024414063,50.97999954223633
2024-05-30,196.88386123908532,-0.014956213693037124,1375.6199951171875,451.5499877929688,50.0
2024-05-31,193.94323631865907,-0.01493583527831821,1375.6199951171875,450.7099914550781,48.59000015258789
2024-06-03,194.4639095287139,0.0026846680499821307,1370.7900390625,453.1300048828125,48.59000015258789
2024-06-04,192.73498575977018,-0.008890717939044834,1373.719970703125,454.3699951171875,47.59000015258789
2024-06-05,206.54035758311332,0.07162877963708425,1368.739990234375,463.5299987792969,53.52000045776367
2024-06-06,204.49025951455803,-0.009925895803343465,1365.25,463.3699951171875,52.5099983215332
2024-06-07,203.12479189615496,-0.006677421318964427,1365.25,462.9599914550781,51.869998931884766
2024-06-10,207.6077054886174,0.022069751065907584,1373.9599609375,464.8299865722656,53.95000076293945
2024-06-11,208.73827494843252,0.0054457008575585775,1377.3599853515625,468.0199890136719,54.16999816894531
2024-06-12,218.99204028282227,0.04912259305066535,1370.4100341796875,474.1499938964844,58.720001220703125
2024-06-13,223.7459961862781,0.021708350209058702,1373.739990234375,476.7200012207031,60.86000061035156
2024-06-14,222.79975769988732,-0.0042290744975073125,1373.739990234375,479.1900024414063,60.09999847412109
2024-06-17,228.92807527511732,0.02750594362622638,1379.06005859375,485.05999755859375,62.66999816894531
2024-06-18,233.72663338174112,0.02096098567577198,1378.6099853515625,485.2099914550781,65.23999786376953
2024-06-19,233.72663338174112,0.0,1381.1500244140625,485.2099914550781,65.23999786376953
2024-06-20,223.18151893162437,-0.045117299203525585,1391.8199462890625,481.4700012207031,60.02000045776367
2024-06-21,219.50811703588835,-0.01645925663254144,1391.8199462890625,480.1799926757813,58.20000076293945
2024-06-24,208.69509452610387,-0.049260239920952964,1386.1099853515625,473.9599914550781,53.220001220703125
2024-06-25,213.85641731688642,0.02473140445635602,1390.8900146484375,479.3800048828125,55.29999923706055
2024-06-26,213.10207667332057,-0.0035273229254939586,1393.3800048828125,480.3699951171875,54.77999877929688
2024-06-27,211.53740797217188,-0.007342343751756464,1386.949951171875,481.6099853515625,53.79999923706055
2024-06-28,213.90785043858364,0.011205783833389882,1386.949951171875,479.1099853515625,55.36000061035156
2024-07-01,214.5351459279533,0.0029325501054939807,1383.4200439453125,481.9200134277344,55.36000061035156
2024-07-02,219.9923237478306,0.02543722053686248,1383.4200439453125,486.9800109863281,57.59999847412109
2024-07-03,226.28885700929652,0.02862160440054007,1385.77001953125,491.0400085449219,60.38999938964844
2024-07-04,226.28885700929652,0.0,1380.25,491.0400085449219,60.38999938964844
2024-07-05,228.24324878788818,0.008636712405646119,1380.25,496.1600036621094,60.810001373291016
2024-07-08,235.08307233942722,0.029967254619195582,1382.75,497.3399963378906,64.30999755859375
2024-07-09,235.06937791536626,-5.825355234934104e-05,1382.4200439453125,497.7699890136719,64.25
2024-07-10,244.40796400537934,0.03972693582136988,1382.989990234375,502.9599914550781,68.58999633789062
2024-07-11,229.4848019076429,-0.06105841173574855,1371.27001953125,491.9299926757813,61.9900016784668
2024-07-12,233.8090764458618,0.018843402710211787,1371.27001953125,494.8200073242188,63.93999862670898
2024-07-15,234.48896557412442,0.0029078816725065515,1383.68994140625,496.1499938964844,64.13999938964844
2024-07-16,236.65474474680494,0.009236166688602276,1382.6400146484375,496.3399963378906,65.30000305175781
2024-07-17,208.07269756916585,-0.12077529739882797,1378.6500244140625,481.7699890136719,51.54999923706055
2024-07-18,207.7351519427407,-0.0016222485235619644,1385.239990234375,479.489990234375,51.65999984741211
2024-07-19,198.2109618139476,-0.04584775392957241,1385.239990234375,475.239990234375,47.0
2024-07-22,212.1915729428655,0.07053399570322916,1387.0999755859375,482.3200073242188,52.93000030517578
2024-07-23,206.77634758729275,-0.025520454372760848,1384.5699462890625,480.6199951171875,50.52999877929688
2024-07-24,187.09233856679572,-0.09519468377391294,1382.6500244140625,463.3800048828125,42.900001525878906
2024-07-25,179.44778450472634,-0.040859792125267136,1381.4300537109375,458.2699890136719,39.77999877929688
2024-07-26,184.94037553654098,0.030608296708561245,1381.4300537109375,462.9700012207031,41.91999816894531
2024-07-29,184.8834864127364,-0.0003076079176304036,1381.3599853515625,463.8999938964844,41.810001373291016
2024-07-30,173.53035246040608,-0.0614069659362948,1383.5,457.5299987792969,37.2400016784668
2024-07-31,192.00671931171567,0.10647340127730853,1367.9200439453125,471.0700073242188,44.38999938964844
2024-08-01,169.01462481798387,-0.11974630146357013,1368.969970703125,459.6600036621094,35.0
2024-08-02,154.35030150174748,-0.08676363558496059,1368.969970703125,448.75,29.34000015258789
2024-08-05,148.23519114925148,-0.039618389423274114,1367.4000244140625,435.3699951171875,27.88999938964844
2024-08-06,150.76557940292184,0.017070091346410576,1370.31005859375,439.5299987792969,28.57999992370605
2024-08-07,143.73927978615922,-0.04660413633263605,1375.3299560546875,434.7699890136719,26.21999931335449
2024-08-08,159.80974610837643,0.11180288607348832,1373.760009765625,448.0700073242188,31.459999084472656
2024-08-09,159.0285091798927,-0.004888543705925952,1373.760009765625,450.4100036621094,31.01000022888184
2024-08-12,160.22540930548897,0.0075263242532339625,1369.5400390625,451.3800048828125,31.40999984741211
2024-08-13,172.125879119027,0.07427329950425254,1362.1700439453125,462.5799865722656,35.279998779296875
2024-08-14,171.56261100543531,-0.0032724196760800517,1355.7099609375,462.7300109863281,35.04999923706055
2024-08-15,186.11373664672507,0.08481524940669471,1363.510009765625,474.4200134277344,39.91999816894531
2024-08-16,185.73423718485617,-0.0020390728202360764,1363.510009765625,475.0299987792969,39.72999954223633
2024-08-19,191.32517878962494,0.030101836309286645,1330.8800048828125,481.2699890136719,41.59999847412109
2024-08-20,187.59817613381554,-0.0194799381837113,1327.5799560546875,480.260009765625,40.09000015258789
2024-08-21,191.8695144637611,0.02276854934292527,1333.6600341796875,482.5,41.72999954223633
2024-08-22,180.50989431888215,-0.059204924641764745,1339.5400390625,474.8500061035156,37.5099983215332
2024-08-23,188.27195942042266,0.043000773618693255,1339.5400390625,480.0,40.400001525878906
2024-08-26,180.2978509766666,-0.04235420116890265,1326.6400146484375,475.3399963378906,37.369998931884766
2024-08-27,183.18605584655074,0.01601907540349945,1326.3599853515625,476.760009765625,38.4900016784668
2024-08-28,177.7211707107447,-0.029832429714976794,1336.68994140625,471.3500061035156,36.59999847412109
2024-08-29,176.63050976459007,-0.0061369219085877225,1332.8800048828125,470.6600036621094,36.18999862670898
2024-08-30,183.7889823789712,0.04052795082753158,1332.8800048828125,476.2699890136719,38.790000915527344
2024-09-02,183.7889823789712,0.0,1337.550048828125,476.2699890136719,38.790000915527344
2024-09-03,160.3410787983246,-0.1275805724431145,1340.4100341796875,461.80999755859375,30.06999969482422
2024-09-04,160.654415706821,0.001954189848569765,1331.010009765625,460.6099853515625,30.299999237060547
2024-09-05,159.43442497985862,-0.007593882319355316,1332.7900390625,461.0400085449219,29.75
2024-09-06,148.07293023545702,-0.07126123950857477,1332.7900390625,448.6900024414063,25.959999084472656
2024-09-09,153.21737329266728,0.034742630196011204,1341.27001953125,454.4599914550781,27.43000030517578
2024-09-10,156.53418853250082,0.021647775109014278,1343.3399658203125,458.6600036621094,28.350000381469727
2024-09-11,169.21467105924424,0.0810077507388145,1339.1800537109375,468.6199951171875,32.220001220703125
2024-09-12,168.80439680460012,-0.0024245785077375848,1335.68994140625,473.2200012207031,31.809999465942383
2024-09-13,173.7743601194352,0.029442143741007287,1335.68994140625,475.3399963378906,33.43000030517578
2024-09-16,170.08967065095152,-0.021203873033692533,1319.1099853515625,473.239990234375,32.15999984741211
2024-09-17,170.13536803636464,0.00026866643481771035,1322.9300537109375,473.489990234375,32.15999984741211
2024-09-18,167.1095909048517,-0.01778452749969195,1322.260009765625,471.4400024414063,31.13999938964844
2024-09-19,179.6327685732946,0.07493990979592136,1327.6099853515625,483.3599853515625,35.119998931884766
2024-09-20,175.38405357090969,-0.02365222690787261,1327.6099853515625,482.4400024414063,33.54999923706055
2024-09-23,176.46020792921436,0.006135987487993377,1333.6199951171875,483.0400085449219,33.91999816894531
2024-09-24,179.88956535268775,0.019434168551184294,1324.8900146484375,485.3699951171875,35.06999969482422
2024-09-25,181.72259504156304,0.010189749946204474,1335.050048828125,485.8200073242188,35.7400016784668
2024-09-26,192.60589174508783,0.05988961747456667,1313.300048828125,489.4700012207031,39.650001525878906
2024-09-27,186.91007390962722,-0.02957239668970757,1313.300048828125,486.75,37.65999984741211
2024-09-30,184.73159837053245,-0.011655206664505813,1315.3299560546875,488.0700073242188,36.68000030517578
2024-10-01,176.35360486227825,-0.045352249329049465,1324.8399658203125,481.2699890136719,33.83000183105469
2024-10-02,179.28830858347575,0.01664101918126004,1324.030029296875,481.9500122070313,34.959999084472656
2024-10-03,179.8395728482988,0.0030747362679612866,1334.4100341796875,481.5899963378906,35.209999084472656
2024-10-04,184.58759985442333,0.02640145842722652,1334.4100341796875,487.3200073242188,36.68000030517578
2024-10-07,182.91960891467062,-0.009036310895575772,1342.3699951171875,482.1000061035156,36.40999984741211
2024-10-08,186.9252134913416,0.02189816936761302,1341.31005859375,489.2999877929688,37.459999084472656
2024-10-09,190.54798900144172,0.01938088202460686,1343.02001953125,493.1499938964844,38.61000061035156
2024-10-10,188.47930669637995,-0.010856489831787774,1349.739990234375,492.5899963378906,37.83000183105469
2024-10-11,190.73872457187377,0.011987617713033583,1349.739990234375,493.3599853515625,38.66999816894531
2024-10-14,196.8414258597125,0.031995082810460485,1357.27001953125,497.5,40.81999969482422
2024-10-15,179.89534502591516,-0.08609001260677052,1363.1800537109375,490.8500061035156,34.470001220703125
2024-10-16,179.88227527008,-7.265199571060421e-05,1364.199951171875,490.9100036621094,34.459999084472656
2024-10-17,181.79767594606412,0.010648078990041165,1370.050048828125,491.25,35.209999084472656
2024-10-18,182.56809853899233,0.0042378022101712265,1370.050048828125,494.4700012207031,35.27000045776367
2024-10-21,182.27761240424528,-0.0015911111364563801,1376.5,495.4200134277344,35.09000015258789
2024-10-22,181.34203376309935,-0.005132712837334297,1376.6300048828125,495.9599914550781,34.689998626708984
2024-10-23,177.63554566312806,-0.02043921104807589,1377.3399658203125,488.3599853515625,33.79999923706055
2024-10-24,179.6348026683252,0.01125482514062015,1376.3199462890625,492.3200073242188,34.290000915527344
2024-10-25,182.75089522184197,0.017346819810136083,1376.3199462890625,495.3200073242188,35.279998779296875
2024-10-28,182.94695066011343,0.0010728015205259123,1387.6600341796875,495.3999938964844,35.349998474121094
2024-10-29,190.63678731201162,0.04203315017906317,1381.969970703125,500.1600036621094,37.97999954223633
2024-10-30,179.6571308176583,-0.05759463663423536,1383.1800537109375,496.3800048828125,34.0099983215332
2024-10-31,167.1928035575607,-0.06937841656142318,1378.5699462890625,483.8500061035156,30.09000015258789
2024-11-01,169.7698355659267,0.015413534276185636,1372.9300537109375,487.4299926757813,30.82999992370605
2024-11-04,168.20095518926925,-0.009241219863514671,1379.3399658203125,486.010009765625,30.350000381469727
2024-11-05,172.11658740783844,0.023279488598403564,1372.8599853515625,492.2099914550781,31.3799991607666
2024-11-06,181.9890459193341,0.057359134643440335,1378.0,505.5799865722656,34.119998931884766
2024-11-07,189.1297052983511,0.03923675374495916,1399.800048828125,513.5399780273438,36.209999084472656
2024-11-08,187.0315449074815,-0.011093764396025274,1372.0799560546875,514.1400146484375,35.40999984741211
2024-11-11,180.00489429317093,-0.03756933418791164,1397.199951171875,513.8400268554688,32.77000045776367
2024-11-12,176.9306911884298,-0.017078441765779107,1400.550048828125,512.9099731445312,31.670000076293945
2024-11-13,171.58158527419977,-0.030232775773951337,1406.6500244140625,512.25,29.690000534057617
2024-11-14,170.6963800891224,-0.005159092006655208,1399.0,508.6900024414063,29.600000381469727
2024-11-15,160.72752912827787,-0.058401068350949825,1400.8299560546875,496.5700073242188,26.65999984741211
2024-11-18,164.33040577080723,0.022416051948723092,1394.3499755859375,500.0199890136719,27.670000076293945
2024-11-19,165.42971995113624,0.006689657797487758,1389.5,503.4599914550781,27.850000381469727
2024-11-20,163.21242263800067,-0.01340325857887259,1392.1600341796875,503.1700134277344,27.1299991607666
2024-11-21,167.6049272910207,0.026912808363628304,1397.6199951171875,504.9800109863281,28.489999771118164
2024-11-22,167.73601546013325,0.000782125986576343,1399.5999755859375,505.7900085449219,28.489999771118164
2024-11-25,170.3414334096717,0.015532847506787961,1403.510009765625,506.5899963378906,29.32999992370605
2024-11-26,167.25992647222859,-0.018090178506553256,1395.56005859375,509.30999755859375,28.1299991607666
2024-11-27,163.20966881304366,-0.02421534999214181,1395.27001953125,505.2999877929688,26.979999542236328
2024-11-28,163.20966881304366,0.0,1388.469970703125,505.2999877929688,26.979999542236328
2024-11-29,167.1251630753237,0.023990577830074855,1393.300048828125,509.739990234375,28.059999465942383
2024-12-02,174.4078989015891,0.04357653684372509,1399.8599853515625,515.2899780273438,30.200000762939453
2024-12-03,173.26725189546036,-0.006540110931399723,1401.06005859375,516.8699951171875,29.729999542236328
2024-12-04,177.73947323475977,0.02581111716366169,1411.6700439453125,523.260009765625,30.8799991607666
2024-12-05,172.2605012340027,-0.030825859338068362,1410.800048828125,521.8099975585938,29.1200008392334
2024-12-06,174.48527744981607,0.01291518485013099,1399.989990234375,526.47998046875,29.61000061035156
2024-12-09,172.6862415703367,-0.010310531099088194,1424.219970703125,522.3800048828125,29.229999542236328
2024-12-10,165.9976054767503,-0.0387328835972266,1426.5999755859375,520.5999755859375,27.059999465942383
2024-12-11,173.6115870037726,0.04586802023532033,1433.949951171875,529.9199829101562,29.1200008392334
2024-12-12,171.10024074951798,-0.014465314773028592,1429.1500244140625,526.5,28.459999084472656
2024-12-13,178.3679748987963,0.04247646945113237,1427.8599853515625,530.530029296875,30.700000762939453
2024-12-16,184.9103498273657,0.036679089574692236,1434.449951171875,538.1699829101562,32.5099983215332
2024-12-17,180.50302583344933,-0.023834923237293637,1431.3499755859375,535.7999877929688,31.1299991607666
2024-12-18,167.66703117301432,-0.07111235172466757,1436.4200439453125,516.469970703125,27.82999992370605
2024-12-19,162.83571885608794,-0.02881492135410324,1451.5,514.1699829101562,26.299999237060547
2024-12-20,166.49551801157787,0.02247540761449529,1437.449951171875,518.6599731445312,27.299999237060547
2024-12-23,174.15430630087894,0.045999966730446706,1445.4200439453125,522.8699951171875,29.59000015258789
2024-12-24,178.00623048792846,0.022117880797014156,1442.699951171875,529.9600219726562,30.479999542236328
2024-12-25,178.00623048792846,0.0,1453.4200439453125,529.9600219726562,30.479999542236328
2024-12-26,178.22288471053636,0.0012171159515823593,1457.6099853515625,529.5999755859375,30.56999969482422
2024-12-27,174.40948801722044,-0.021396784703095362,1466.989990234375,522.5599975585938,29.690000534057617
2024-12-30,168.10961365586505,-0.036121167678293764,1472.800048828125,515.6099853515625,27.940000534057617
2024-12-31,165.5282603655817,-0.015355179481689851,1467.3900146484375,511.2300109863281,27.309999465942383
2025-01-01,165.5282603655817,0.0,1467.3900146484375,511.2300109863281,27.309999465942383
2025-01-02,166.41876549152582,0.005379776987792795,1473.52001953125,510.2300109863281,27.670000076293945
2025-01-03,174.12713975553177,0.04631914100094958,1471.6500244140625,518.5800170898438,29.81999969482422
2025-01-06,182.92318423977852,0.050515069027126325,1465.530029296875,524.5399780273438,32.4900016784668
2025-01-07,177.43943187654403,-0.029978443607488803,1459.449951171875,515.1799926757812,31.14999961853028
2025-01-08,174.62250060480972,-0.015875452496343923,1451.8800048828125,515.27001953125,30.18000030517578
2025-01-09,174.62250060480972,0.0,1457.969970703125,515.27001953125,30.18000030517578
2025-01-10,167.07632688998956,-0.04321421173493556,1455.22998046875,507.1900024414063,28.059999465942383
2025-01-13,166.18265852161522,-0.0053488629119956554,1472.25,505.55999755859375,27.850000381469727
2025-01-14,166.90742242885906,0.004361248722889899,1458.8900146484375,505.0799865722656,28.1200008392334
2025-01-15,174.23970063296505,0.04393021051673851,1460.43994140625,516.7000122070312,29.940000534057617
2025-01-16,173.79231314707485,-0.0025676552718179035,1437.219970703125,513.0800170898438,29.989999771118164
2025-01-17,182.66150003273026,0.0510332518455503,1453.3199462890625,521.739990234375,32.4900016784668
2025-01-20,182.66150003273026,0.0,1457.3800048828125,521.739990234375,32.4900016784668
2025-01-21,186.57039505003738,0.021399665592402917,1435.530029296875,524.7999877929688,33.689998626708984
2025-01-22,191.84911556745473,0.02829345200240163,1425.7900390625,531.510009765625,35.150001525878906
2025-01-23,191.4003742481877,-0.0023390325148997526,1434.3399658203125,532.6400146484375,34.91999816894531
2025-01-24,184.49241583336587,-0.036091666183809656,1433.9300537109375,529.6300048828125,32.650001525878906
2025-01-27,160.36263170755092,-0.13079011414544572,1427.6300048828125,514.2100219726562,25.059999465942383
2025-01-28,162.56217573301498,0.013716063412299917,1417.9200439453125,521.8099975585938,25.3700008392334
2025-01-29,163.26733451419156,0.00433777893287246,1443.260009765625,520.8300170898438,25.68000030517578
2025-01-30,167.8071853176788,0.027806240709421504,1443.3199462890625,523.0499877929688,27.14999961853028
2025-01-31,167.30752636719035,-0.002977577804803455,1441.6600341796875,522.2899780273438,27.020000457763672
2025-02-03,162.27267705525028,-0.030093382056764484,1456.780029296875,518.1099853515625,25.61000061035156
2025-02-04,165.27277294828974,0.018487991616838784,1459.050048828125,524.469970703125,26.25
2025-02-05,170.14316571840084,0.02946881499734344,1450.1600341796875,526.8499755859375,27.700000762939453
2025-02-06,170.55266507798203,0.0024067928785276305,1443.8900146484375,529.5999755859375,27.690000534057617
2025-02-07,165.27219492059902,-0.03096093605437722,1442.1500244140625,522.9199829101562,26.32999992370605
2025-02-10,169.47376396285702,0.025422116795124294,1450.6199951171875,529.25,27.350000381469727
2025-02-11,169.4315683547957,-0.0002489801788468915,1453.2099609375,527.989990234375,27.39999961853028
2025-02-12,169.91994754882097,0.0028824569043861548,1450.75,528.2999877929688,27.540000915527344
2025-02-13,174.03974608733316,0.024245526190081357,1452.1199951171875,535.9000244140625,28.46999931335449
2025-02-14,174.64638742608588,0.003485648263634733,1438.739990234375,538.1500244140625,28.549999237060547
2025-02-17,174.64638742608588,0.0,1432.5999755859375,538.1500244140625,28.549999237060547
2025-02-18,179.24874061548417,0.026352409902243856,1441.2900390625,539.3699951171875,29.989999771118164
2025-02-19,183.7998196126399,0.025389740432924413,1440.0799560546875,539.52001953125,31.46999931335449
2025-02-20,184.13170900403458,0.0018057111921769842,1439.97998046875,537.22998046875,31.700000762939453
2025-02-21,173.4830796197683,-0.057831589365376246,1431.699951171875,526.0800170898438,28.809999465942383
2025-02-24,166.28698818786873,-0.041480076602695815,1434.2900390625,519.8699951171875,26.76000022888184
2025-02-25,160.11873125476765,-0.03709404446084663,1428.6500244140625,513.3200073242188,25.06999969482422
2025-02-26,163.99638063656522,0.024217337668181793,1429.5,514.5599975585938,26.290000915527344
2025-02-27,147.97110743746086,-0.09771723703231117,1434.4200439453125,500.2699890136719,21.75
2025-02-28,152.22428149057967,0.0287432737834743,1449.8599853515625,508.1700134277344,22.729999542236328
2025-03-03,143.12501856285442,-0.0597753711735427,1459.800048828125,497.0499877929688,20.51000022888184
2025-03-04,143.3691456763302,0.001705691401315379,1457.9300537109375,495.5499877929688,20.64999961853028
2025-03-05,148.68980388636405,0.03711159876788095,1452.8499755859375,502.010009765625,21.950000762939453
2025-03-06,137.5133726371405,-0.07516609045879918,1443.030029296875,488.2000122070313,19.229999542236328
2025-03-07,143.57614848321472,0.044088627380787226,1446.5,491.7900085449219,20.8799991607666
2025-03-10,130.85772011452514,-0.08858315606771194,1446.260009765625,472.7300109863281,17.989999771118164
2025-03-11,128.69865689452664,-0.016499318634841775,1457.030029296875,471.6000061035156,17.40999984741211
2025-03-12,132.53516475397632,0.029810006973062908,1451.02001953125,476.9200134277344,18.299999237060547
2025-03-13,130.56071034662108,-0.01489758896078941,1448.75,468.3399963378906,18.09000015258789
2025-03-14,138.09231886033015,0.05768663860447498,1453.22998046875,479.6600036621094,19.799999237060547
2025-03-17,141.99230938631956,0.028241907719240622,1449.050048828125,482.7699890136719,20.790000915527344
2025-03-18,137.8086422618675,-0.029464040288756266,1442.489990234375,474.5400085449219,19.93000030517578
2025-03-19,140.29194071680618,0.018019903644503232,1448.93994140625,480.8900146484375,20.3799991607666
2025-03-20,138.48807760003842,-0.012857924037197876,1443.3900146484375,479.260009765625,19.93000030517578
2025-03-21,136.44884810174332,-0.014724946245441517,1465.8199462890625,480.8399963378906,19.280000686645508
2025-03-24,143.92857747850482,0.0548170943237587,1464.780029296875,490.6600036621094,21.0
2025-03-25,142.73347862978204,-0.008303415969641348,1466.27001953125,493.4599914550781,20.549999237060547
2025-03-26,135.21720684285253,-0.05265948717206703,1462.0899658203125,484.3800048828125,18.790000915527344
2025-03-27,131.18082848284723,-0.02985107039443824,1465.6800537109375,481.6199951171875,17.760000228881836
2025-03-28,123.25992053972095,-0.060381597179514634,1461.8900146484375,468.9400024414063,16.030000686645508
2025-03-31,122.9497170421995,-0.002516661508162321,1471.9599609375,468.9200134277344,15.949999809265137
2025-04-01,123.44649951623741,0.004040533691243908,1469.969970703125,472.7000122070313,15.949999809265137
2025-04-02,125.0917571633704,0.013327697857618004,1466.0400390625,476.1499938964844,16.260000228881836
2025-04-03,103.09514130006936,-0.17584384744530657,1450.6800537109375,450.6600036621094,11.40999984741211
2025-04-04,89.11288581516902,-0.13562477638207504,1450.6800537109375,422.6700134277344,8.729999542236328
2025-04-07,91.36401904525822,0.025261590503962816,1469.949951171875,423.6900024414063,9.149999618530272
2025-04-08,85.96624372676004,-0.05907988040482681,1486.1300048828125,416.05999755859375,8.25
2025-04-09,114.30006860951092,0.3295924499482461,1443.949951171875,466.0,12.770000457763672
2025-04-10,96.18467917611427,-0.15848975117666075,1452.0400390625,446.1799926757813,9.630000114440918
2025-04-11,100.113499617998,0.04084663457357962,1452.0400390625,454.3999938964844,10.229999542236328
2025-04-14,101.62715011640793,0.015119344585750705,1419.4200439453125,457.4800109863281,10.470000267028809
2025-04-15,102.31943735105335,0.006812030386097012,1427.02001953125,457.989990234375,10.600000381469728
2025-04-16,94.63277772771251,-0.07512413889619296,1414.22998046875,444.1799926757813,9.34000015258789
2025-04-17,93.93892607884047,-0.007332043563895607,1414.22998046875,444.1000061035156,9.199999809265137
2025-04-18,93.93892607884047,0.0,1414.22998046875,444.1000061035156,9.199999809265137
2025-04-21,90.27495236277451,-0.03900378542746885,1421.6400146484375,433.1099853515625,8.710000038146973
2025-04-22,93.87701163423566,0.039900982245729466,1429.219970703125,444.4800109863281,9.18000030517578
2025-04-23,100.61007003166154,0.07172212110521015,1426.449951171875,454.55999755859375,10.289999961853027
2025-04-24,110.69297704066472,0.10021767210608368,1430.06005859375,467.3500061035156,12.0
2025-04-25,112.97983150232645,0.020659435881118515,1430.06005859375,472.55999755859375,12.34000015258789
2025-04-28,112.73301088396583,-0.002184643179924839,1435.8800048828125,472.4100036621094,12.289999961853027
2025-04-29,111.13752509357721,-0.014152782560121868,1431.1600341796875,475.5299987792969,11.859999656677246
2025-04-30,112.50369051732551,0.012292566552998041,1423.75,475.4700012207031,12.15999984741211
2025-05-01,112.97136923711777,0.0041570078069592675,1435.0999755859375,481.6799926757813,12.100000381469728
2025-05-02,119.27364779700729,0.05578651124128231,1435.0999755859375,488.8299865722656,13.289999961853027
2025-05-05,117.84288918328699,-0.011995597016998372,1374.3699951171875,485.9299926757813,13.050000190734863
2025-05-06,115.45164349735909,-0.020291811432157525,1374.77001953125,481.4100036621094,12.640000343322754
2025-05-07,118.55411837703795,0.02687250510859851,1397.2900390625,483.2999877929688,13.279999732971191
2025-05-08,120.86808834517049,0.019518258832421198,1403.8499755859375,488.2900085449219,13.65999984741211
2025-05-09,122.84835243554615,0.0163836800721171,1403.8499755859375,487.9700012207031,14.109999656677246
2025-05-12,138.49756120841866,0.12738639519877215,1416.030029296875,507.8500061035156,17.1299991607666
2025-05-13,145.87111550934054,0.05323959668737954,1416.0,515.5900268554688,18.600000381469727
2025-05-14,147.30484693287454,0.00982875477799583,1407.3299560546875,518.6799926757812,18.84000015258789
2025-05-15,145.76589627833388,-0.010447386400271985,1397.02001953125,519.25,18.46999931335449
2025-05-16,145.7021207696539,-0.0004375200942626778,1397.02001953125,521.510009765625,18.38999938964844
2025-05-19,144.464688892673,-0.008492888575981739,1388.550048828125,522.010009765625,18.059999465942383
2025-05-20,143.86509413769727,-0.004150458908482313,1392.72998046875,520.27001953125,17.969999313354492
2025-05-21,139.01250760364005,-0.03373011753228117,1373.8599853515625,513.0399780273438,17.0
2025-05-22,137.20550599460435,-0.012998841904125036,1381.3399658203125,514.0,16.510000228881836
2025-05-23,133.450634511628,-0.027366769691618664,1381.3399658203125,509.239990234375,15.729999542236328
2025-05-26,133.450634511628,0.0,1368.0999755859375,509.239990234375,15.729999542236328
2025-05-27,141.63775482702323,0.06134942966256074,1374.800048828125,521.219970703125,17.290000915527344
2025-05-28,140.2745989649673,-0.009624240822799557,1373.5999755859375,518.9099731445312,17.040000915527344
2025-05-29,141.08695704017975,0.005791198700310085,1370.4100341796875,519.9299926757812,17.200000762939453
2025-05-30,136.61033700545465,-0.031729510144940076,1370.4100341796875,519.1099853515625,16.170000076293945
2025-06-02,140.23348265146825,0.02652175322478656,1376.0699462890625,523.2100219726562,16.899999618530273
2025-06-03,146.68551144867095,0.0460091889270009,1377.719970703125,527.2999877929688,18.299999237060547
2025-06-04,150.21605488411225,0.02406879452901345,1361.0899658203125,528.77001953125,19.09000015258789
2025-06-05,148.50957945976398,-0.011360140070678648,1354.550048828125,524.7899780273438,18.809999465942383
2025-06-06,150.747546397369,0.015069512322007261,1354.550048828125,529.9199829101562,19.18000030517578
2025-06-09,156.36022843744962,0.03723232765119544,1353.8499755859375,530.7000122070312,20.57999992370605
2025-06-10,162.00752878767727,0.0361172428990586,1363.8800048828125,534.2100219726562,21.88999938964844
2025-06-11,160.7690440783143,-0.0076446120660608186,1365.68994140625,532.4099731445312,21.63999938964844
2025-06-12,161.14333429361224,0.002328123659898207,1349.7900390625,533.6599731445312,21.690000534057617
2025-06-13,153.706172702198,-0.04615246186890565,1349.7900390625,526.9600219726562,20.040000915527344
2025-06-16,161.90825628526008,0.053362096257210334,1357.780029296875,534.2899780273438,21.89999961853028
2025-06-17,159.3076327068007,-0.016062328371182266,1380.5,529.0800170898438,21.420000076293945
2025-06-18,160.02315202000813,0.0044914314590582816,1370.75,528.989990234375,21.61000061035156
2025-06-19,160.02315202000813,0.0,1374.8900146484375,528.989990234375,21.61000061035156
2025-06-20,158.17413694608598,-0.011554672249494025,1374.8900146484375,526.8300170898438,21.209999084472656
2025-06-23,160.27735605523384,0.013296858448260451,1361.93994140625,531.6500244140625,21.57999992370605
2025-06-24,170.33499470711834,0.06275146345949523,1353.780029296875,539.780029296875,23.950000762939453
2025-06-25,172.89126798312014,0.015007328825161093,1357.030029296875,541.1599731445312,24.57999992370605
2025-06-26,175.96270498050882,0.017765136627308165,1352.760009765625,546.219970703125,25.200000762939453
2025-06-27,175.9078462140291,-0.0003117636006209068,1352.760009765625,548.0900268554688,25.11000061035156
2025-06-30,176.4775251683516,0.0032385079266412653,1348.5,551.6400146484375,25.11000061035156
2025-07-01,174.33021624147267,-0.012167605619075261,1355.5899658203125,546.989990234375,24.709999084472656
2025-07-02,179.63529838736198,0.03043122563756251,1354.75,550.7999877929688,26.049999237060547
2025-07-03,181.8361087477449,0.01225154733028666,1357.0999755859375,556.219970703125,26.43000030517578
2025-07-04,181.8361087477449,0.0,1357.0999755859375,556.219970703125,26.43000030517578
2025-07-07,176.1288933762664,-0.031386589884608296,1374.6400146484375,552.030029296875,24.96999931335449
2025-07-08,180.99550916030046,0.027630990524861954,1370.300048828125,552.3400268554688,26.3700008392334
2025-07-09,182.5978053400647,0.008852684727913118,1373.0,556.25,26.64999961853028
2025-07-10,184.94381468754761,0.01284796026498669,1372.6400146484375,555.4500122070312,27.3700008392334
2025-07-11,184.46429715594368,-0.0025927740941974475,1372.6400146484375,554.2000122070312,27.290000915527344
2025-07-14,182.12884096754877,-0.012660749122745174,1382.010009765625,556.2100219726562,26.5
2025-07-15,184.88367857294594,0.015125762568752199,1386.449951171875,556.719970703125,27.290000915527344
2025-07-16,184.09981740087562,-0.004239753222786802,1384.9200439453125,557.2899780273438,27.030000686645508
2025-07-17,185.83050204314787,0.009400794996464956,1391.5799560546875,561.7999877929688,27.31999969482422
2025-07-18,185.77443459539944,-0.00030171283579383257,1391.5799560546875,561.260009765625,27.32999992370605
2025-07-21,186.83381223954157,0.005702494244966383,1381.8199462890625,564.1699829101562,27.5
2025-07-22,182.34006263516548,-0.02405212177876348,1379.780029296875,561.25,26.31999969482422
2025-07-23,180.928426856372,-0.00774177522148789,1373.719970703125,563.8099975585938,25.780000686645508
2025-07-24,180.58323021451486,-0.001907918218573612,1372.0,565.010009765625,25.6200008392334
2025-07-25,180.74032850334038,0.0008699494888806392,1372.0,566.3699951171875,25.600000381469727
2025-07-28,185.5412571803187,0.02656257580548549,1388.2900390625,568.1400146484375,26.8799991607666
2025-07-29,185.93036140020106,0.0020971304484813658,1388.8599853515625,567.260009765625,27.030000686645508
2025-07-30,188.09907751760915,0.01166413113531295,1392.52001953125,568.02001953125,27.61000061035156
2025-07-31,178.3346734922231,-0.05191096178806065,1391.510009765625,565.010009765625,24.979999542236328
2025-08-01,173.3816919219893,-0.027773519715725836,1391.510009765625,553.8800048828125,24.07999992370605
2025-08-04,178.2933855035756,0.02832879023810797,1383.5899658203125,564.0999755859375,25.0
2025-08-05,175.9658826521234,-0.013054342116384898,1386.5799560546875,560.27001953125,24.520000457763672
2025-08-06,175.16125040883355,-0.0045726605132915266,1384.3900146484375,567.3200073242188,23.989999771118164
2025-08-07,179.09787783801045,0.022474305361423585,1384.969970703125,569.239990234375,25.0
2025-08-08,182.48505577030673,0.01891244035487616,1384.969970703125,574.5499877929688,25.709999084472656
2025-08-11,181.86019622765824,-0.0034241682970194143,1389.7900390625,572.8499755859375,25.61000061035156
2025-08-12,191.48550601477984,0.05292697350371456,1383.0899658203125,580.0499877929688,28.0
2025-08-13,196.0386862751092,0.02377819791738145,1378.780029296875,580.3400268554688,29.270000457763672
2025-08-14,196.49955667891578,0.0023509155899965606,1387.8699951171875,579.8900146484375,29.420000076293945
2025-08-15,188.8193337290366,-0.03908519225022389,1387.8699951171875,577.3400268554688,27.3700008392334
2025-08-18,189.33361719005677,0.0027236800960128704,1386.9100341796875,577.1099853515625,27.530000686645508
2025-08-19,183.60351209747344,-0.03026459419951466,1391.3399658203125,569.280029296875,26.239999771118164
2025-08-20,181.53306479918137,-0.011276730355750941,1396.9100341796875,565.9000244140625,25.799999237060547
2025-08-21,179.55241022170654,-0.010910709735804436,1399.6099853515625,563.280029296875,25.350000381469727
2025-08-22,188.21714453074497,0.048257410180901905,1399.6099853515625,571.969970703125,27.450000762939453
2025-08-25,187.43140955812203,-0.004174619557543058,1389.050048828125,570.3200073242188,27.299999237060547
2025-08-26,190.0023459536757,0.013716678552515571,1393.949951171875,572.6099853515625,27.940000534057617
2025-08-27,190.96994315887926,0.005092553991093762,1392.75,573.489990234375,28.18000030517578
2025-08-28,192.7605534715503,0.009376398626151028,1384.4100341796875,577.0800170898438,28.530000686645508
2025-08-29,183.12484323021755,-0.049987977663463745,1384.4100341796875,570.4000244140625,26.040000915527344
2025-09-01,183.12484323021755,0.0,1392.93994140625,570.4000244140625,26.040000915527344
2025-09-02,179.57971923814958,-0.019359055437449202,1394.5699462890625,565.6199951171875,25.25
2025-09-03,179.09853333198382,-0.0026795114070071735,1389.6300048828125,570.0700073242188,24.90999984741211
2025-09-04,182.5288319966906,0.01915313654941131,1392.06005859375,575.22998046875,25.64999961853028
2025-09-05,185.47505052101064,0.016141113116712846,1392.06005859375,576.0599975585938,26.450000762939453
2025-09-08,188.13628855480607,0.014348226493643423,1385.719970703125,578.8699951171875,27.07999992370605
2025-09-09,188.7509235447251,0.003266966700791407,1387.25,580.510009765625,27.18000030517578
2025-09-10,193.76023674242225,0.026539277814501272,1387.199951171875,580.7000122070312,28.600000381469727
2025-09-11,196.30287110774992,0.01312258081469908,1389.5,584.0800170898438,29.170000076293945
2025-09-12,197.1740034471579,0.004437695355611115,1389.5,586.6599731445312,29.299999237060547
2025-09-15,200.3729308918881,0.01622388037370004,1385.010009765625,591.6799926757812,30.0
2025-09-16,201.90398258353045,0.007641010613696375,1377.6400146484375,591.1799926757812,30.479999542236328
2025-09-17,201.6720390297517,-0.0011487814693442733,1378.68994140625,590.0,30.46999931335449
2025-09-18,213.23229460477268,0.05732205431470616,1386.75,595.3200073242188,33.63999938964844
2025-09-19,211.8233846876974,-0.006607394624190022,1386.75,599.3499755859375,33.02000045776367
2025-09-22,216.84959356918915,0.02372830029556061,1389.3900146484375,602.2000122070312,34.43000030517578
2025-09-23,215.72577125719138,-0.0051824967411765455,1391.8499755859375,598.2000122070312,34.29999923706055
2025-09-24,215.03392660064003,-0.0032070561274133436,1403.6500244140625,596.0999755859375,34.20000076293945
2025-09-25,213.45715622392595,-0.007332658625736066,1408.9200439453125,593.530029296875,33.849998474121094
2025-09-26,214.43360211505396,0.004574435022003609,1408.9200439453125,595.969970703125,34.02000045776367
2025-09-29,214.93013622332236,0.0023155611031613343,1399.3299560546875,598.72998046875,34.02000045776367
2025-09-30,217.80947561658647,0.01339662945298814,1403.1500244140625,600.3699951171875,34.84000015258789
2025-10-01,224.69379310317586,0.031607061479308474,1401.8199462890625,603.25,36.86000061035156
2025-10-02,232.1364636739934,0.033123614444480864,1405.6300048828125,605.72998046875,39.08000183105469
2025-10-03,228.99886174104225,-0.013516195962033462,1405.6300048828125,603.1799926757812,38.22999954223633
2025-10-06,240.28143210537456,0.04926911111501919,1409.9200439453125,607.7100219726562,41.709999084472656
2025-10-07,231.04834996737068,-0.0384261158138709,1414.5699462890625,604.510009765625,38.83000183105469
2025-10-08,244.19414590749705,0.0568962987270103,1422.52001953125,611.4400024414062,42.77999877929688
2025-10-09,242.43637675247055,-0.007198244448056279,1421.510009765625,610.7000122070312,42.2400016784668
2025-10-10,214.36207664697048,-0.11580069163533224,1421.510009765625,589.5,34.209999084472656
2025-10-13,232.08245841728998,0.08266565638614765,1426.0699462890625,602.010009765625,39.13999938964844
2025-10-14,223.48946476767713,-0.037025605934259964,1429.4300537109375,598.0,36.630001068115234
2025-10-15,234.75238061795528,0.05039573503827688,1420.0899658203125,602.219970703125,39.97999954223633
2025-10-16,236.19542221585496,0.006147079719068582,1415.719970703125,599.989990234375,40.56999969482422
2025-10-17,236.03453581350732,-0.0006811580039879361,1415.719970703125,603.9299926757812,40.290000915527344
2025-10-20,243.2335771555645,0.03049994915890264,1419.739990234375,611.5399780273438,42.2400016784668
2025-10-21,241.06399376803003,-0.008919752827328042,1430.739990234375,611.3800048828125,41.5099983215332
2025-10-22,230.77390857423617,-0.04268611430911473,1430.4000244140625,605.489990234375,38.38999938964844
2025-10-23,239.9117370356795,0.039596454026794126,1435.8399658203125,610.5800170898438,41.16999816894531
2025-10-24,246.95635549948807,0.02936337567661762,1435.8399658203125,617.0999755859375,43.13999938964844
2025-10-27,259.74579040317445,0.05178823957706524,1436.969970703125,628.0900268554688,46.84000015258789
2025-10-28,261.055705931763,0.005043067402768386,1430.969970703125,632.9199829101562,46.959999084472656
2025-10-29,268.552672727165,0.028717881375715404,1425.969970703125,635.77001953125,49.380001068115234
2025-10-30,260.9118346732203,-0.028451915880603917,1424.010009765625,626.0499877929688,47.38999938964844
2025-10-31,262.6324055311864,0.00659445310375073,1424.02001953125,629.0700073242188,47.77999877929688
2025-11-03,265.4594238377112,0.010764164082520677,1427.1700439453125,632.0800170898438,48.58000183105469
2025-11-04,246.89572650409056,-0.06993045138593224,1428.969970703125,619.25,42.79999923706055
2025-11-05,258.8128425402519,0.048267810078777895,1439.81005859375,623.280029296875,46.83000183105469
2025-11-06,245.8905751521895,-0.04992900375897169,1439.739990234375,611.6699829101562,43.0099983215332
2025-11-07,241.99729939177766,-0.015833367171564805,1447.9000244140625,609.739990234375,41.7400016784668
2025-11-10,254.00863319828323,0.04963416466503623,1454.0,623.22998046875,44.959999084472656
2025-11-11,244.5478034977797,-0.03724609506921073,1456.0899658203125,621.5700073242188,41.810001373291016
2025-11-12,249.95840611532967,0.022124928296888502,1459.8399658203125,621.0800170898438,43.709999084472656
2025-11-13,234.42625019936366,-0.06213896206715097,1468.02001953125,608.4000244140625,39.220001220703125
2025-11-14,233.4739329008707,-0.004062332173479288,1468.7099609375,608.8599853515625,38.86000061035156
2025-11-17,226.4087718712475,-0.030261027181235467,1446.530029296875,603.6599731445312,36.84000015258789
2025-11-18,217.51949540354104,-0.039262067428913694,1461.68994140625,596.3099975585938,34.349998474121094
2025-11-19,223.03856014684186,0.025372736053207,1456.550048828125,599.8699951171875,35.959999084472656
2025-11-20,204.84518526802367,-0.08157053590572061,1466.1300048828125,585.6699829101562,30.809999465942383
2025-11-21,208.45252001795754,0.017610053881490728,1473.25,590.0700073242188,31.729999542236328
2025-11-24,224.68408671813992,0.07786697277050947,1467.72998046875,605.1599731445312,35.86000061035156
2025-11-25,226.36121347934602,0.007464377142605505,1474.8599853515625,608.8900146484375,36.16999816894531
2025-11-26,237.23155913992136,0.048022121340886015,1464.9200439453125,614.27001953125,39.18999862670898
2025-11-27,237.23155913992136,0.0,1470.5899658203125,614.27001953125,39.18999862670898
2025-11-28,244.9106977424837,0.0323698020212948,1461.4000244140625,619.25,41.2599983215332
2025-12-01,244.64778267408002,-0.0010735140229771734,1465.6199951171875,617.1699829101562,41.310001373291016
2025-12-02,252.99296069378428,0.034110989801292124,1470.1700439453125,622.0,43.79999923706055
2025-12-03,261.544297483533,0.03380069060537627,1467.3599853515625,623.52001953125,46.58000183105469
2025-12-04,257.2151833588398,-0.016552125840043508,1465.030029296875,622.9400024414062,45.15999984741211
2025-12-05,261.6944384757806,0.017414427322868464,1472.3800048828125,625.47998046875,46.5
2025-12-08,265.6361583916775,0.015062299141147761,1471.81005859375,624.280029296875,47.9900016784668
2025-12-09,265.2344438934063,-0.001512273406991782,1468.510009765625,625.0499877929688,47.790000915527344
2025-12-10,271.0038728025055,0.021752185818738612,1467.9300537109375,627.6099853515625,49.650001525878906
2025-12-11,268.1592420101393,-0.010496642586503735,1469.0400390625,625.5800170898438,48.790000915527344
2025-12-12,245.73471696082208,-0.0836239127214915,1470.8499755859375,613.6199951171875,41.709999084472656
2025-12-15,243.5567484221992,-0.008863088478337056,1472.9100341796875,610.5399780273438,41.18000030517578
2025-12-16,241.76646992970882,-0.007350559999212081,1467.47998046875,611.75,40.4900016784668
2025-12-17,226.29883148919544,-0.06397759972675465,1471.739990234375,600.4099731445312,36.0099983215332
2025-12-18,235.6114622729507,0.04115191723471123,1474.0,609.1099853515625,38.58000183105469
2025-12-19,246.45098066556912,0.046005904331008596,1474.3599853515625,617.0499877929688,41.720001220703125
2025-12-22,251.43092484767163,0.020206631633818528,1473.719970703125,619.2100219726562,43.2599983215332
2025-12-23,253.3096552566468,0.007472153276743443,1476.8399658203125,622.1099853515625,43.70000076293945
2025-12-24,255.17945938156203,0.007381495675799599,1478.6700439453125,623.9299926757812,44.209999084472656
2025-12-25,255.17945938156203,0.0,1478.6700439453125,623.9299926757812,44.209999084472656
2025-12-26,255.17147573012466,-3.128641880789651e-05,1446.52001953125,623.8900146484375,44.209999084472656
2025-12-29,253.42838048923744,-0.006831074029335249,1441.3299560546875,620.8699951171875,43.81999969482422
2025-12-30,252.70100971146655,-0.002870123607966568,1434.7099609375,619.4299926757812,43.66999816894531
2025-12-31,246.9210908194996,-0.02287255954602818,1437.9100341796875,614.3099975585938,42.02999877929688
2026-01-01,246.9210908194996,0.0,1437.9100341796875,614.3099975585938,42.02999877929688
2026-01-02,261.71329421078286,0.05990660150653726,1443.6400146484375,613.1199951171875,47.2400016784668
2026-01-05,268.2373608856137,0.02492829680091213,1440.47998046875,617.989990234375,49.220001220703125
2026-01-06,282.6647492534364,0.053785901860162744,1445.56005859375,623.4199829101562,54.0099983215332
2026-01-07,278.02835365114373,-0.016402454195431737,1444.9599609375,624.02001953125,52.290000915527344
2026-01-08,269.957774449794,-0.02902789983598686,1446.1400146484375,620.469970703125,49.650001525878906
2026-01-09,283.1879332503785,0.049008252596351776,1450.0799560546875,626.6500244140625,53.95000076293945
2026-01-12,285.14260027132207,0.0069023669141135,1455.239990234375,627.1699829101562,54.650001525878906
2026-01-13,288.6593077006021,0.012333153397400931,1464.9300537109375,626.239990234375,56.06999969482422
2026-01-14,285.336746695045,-0.011510320010201247,1473.010009765625,619.5499877929688,55.380001068115234
2026-01-15,292.92689467589196,0.02660066769794267,1462.9000244140625,621.780029296875,58.08000183105469
2026-01-16,299.8169128358373,0.02352128904916273,1468.8399658203125,621.260009765625,60.75
2026-01-19,299.8169128358373,0.0,1471.5799560546875,621.260009765625,60.75
2026-01-20,289.6977429123431,-0.03375116442825521,1471.52001953125,608.0599975585938,57.93999862670898
2026-01-21,305.35188204627246,0.054036110107582136,1477.780029296875,616.280029296875,63.47999954223633
2026-01-22,307.0251249921792,0.005479720428424262,1464.8299560546875,620.760009765625,63.720001220703125
2026-01-23,302.2666784978926,-0.01549855730669536,1463.260009765625,622.719970703125,61.59999847412109
2026-01-26,300.72357402257086,-0.005105109445044276,1444.81005859375,625.4600219726562,60.70000076293945
2026-01-27,312.5514214088902,0.03933129427835147,1440.97998046875,631.1300048828125,64.95999908447266
2026-01-28,325.6449137359941,0.04189228213419183,1432.510009765625,633.219970703125,70.08999633789062
2026-01-29,325.6574189800368,3.840147201827904e-05,1429.27001953125,629.4299926757812,70.47000122070312
2026-01-30,302.5265545402697,-0.07102821275257087,1428.760009765625,621.8699951171875,61.790000915527344
2026-02-02,311.9129365473378,0.03102663837669395,1448.800048828125,626.1400146484375,65.19999694824219
2026-02-03,299.7808964388548,-0.038895597735625564,1452.5400390625,616.52001953125,61.20000076293945
2026-02-04,277.55254258963475,-0.0741486669540129,1446.6800537109375,605.75,53.18999862670898
2026-02-05,275.578386926653,-0.007112727718371348,1460.1099853515625,597.030029296875,53.25
2026-02-06,299.45625322188863,0.08664636788657476,1470.6800537109375,609.6500244140625,61.75
2026-02-09,306.13160649844,0.02229158083937266,1462.4000244140625,614.3200073242188,64.02999877929688
2026-02-10,303.75857438420593,-0.0077516730185982485,1458.5400390625,611.469970703125,63.34000015258789
2026-02-11,315.581922169549,0.03892350301324643,1455.3299560546875,613.1099853515625,68.05000305175781
2026-02-12,300.51682792617777,-0.047737507078359775,1444.18994140625,600.6400146484375,63.09999847412109
2026-02-13,304.4440519362429,0.01306823327387785,1440.9000244140625,601.9199829101562,64.58999633789062
2026-02-16,304.4440519362429,0.0,1439.52001953125,601.9199829101562,64.58999633789062
2026-02-17,303.7216455138837,-0.002372870869917665,1440.22998046875,601.2999877929688,64.3499984741211
2026-02-18,309.4292249555788,0.01879213920377043,1439.969970703125,605.7899780273438,66.29000091552734
2026-02-19,306.34436684320644,-0.009969511163062217,1440.1600341796875,603.469970703125,65.2300033569336
2026-02-20,312.12549873970795,0.018871350421992394,1447.75,608.8099975585938,67.11000061035156
2026-02-23,307.32172568695233,-0.015390517827451378,1443.43994140625,601.4099731445312,65.86000061035156
2026-02-24,315.18671070048396,0.025592024110729916,1442.199951171875,607.8699951171875,68.52999877929688
2026-02-25,325.18891318202543,0.031734213854740734,1439.989990234375,616.6799926757812,71.86000061035156
2026-02-26,308.11961947197716,-0.052490392562964394,1426.9300537109375,609.239990234375,65.33999633789062
2026-02-27,301.643286287344,-0.021018892583768656,1432.3199462890625,607.2899780273438,62.77000045776367
2026-03-02,301.8179471684463,0.0005790312234430495,1438.5,608.0900268554688,62.7599983215332
2026-03-03,277.75933580903046,-0.07971232852494559,1452.27001953125,601.5800170898438,53.41999816894531
2026-03-04,287.72557290296936,0.03588083570588263,1483.0699462890625,610.75,56.619998931884766
2026-03-05,282.8955646938017,-0.016786857561654767,1460.75,608.9099731445312,54.79999923706055
2026-03-06,264.0175526890364,-0.06673138203915763,1479.510009765625,599.75,47.88999938964844
2026-03-09,280.74840165819455,0.06337021458896719,1483.8900146484375,607.760009765625,53.31999969482422
2026-03-10,284.25136094795914,0.012477218994213057,1464.469970703125,607.77001953125,54.59000015258789
2026-03-11,288.36849846091076,0.014484143538385341,1472.780029296875,607.6900024414062,56.09000015258789
2026-03-12,270.05752302592555,-0.06349852890560204,1475.3399658203125,597.260009765625,50.27999877929688
2026-03-13,270.4912046564097,0.0016058861298320348,1470.5799560546875,593.719970703125,50.720001220703125
2026-03-16,279.9278579273581,0.03488709839173976,1501.75,600.3800048828125,53.68999862670898
2026-03-17,283.9551050311647,0.014386732115999834,1488.9100341796875,603.3099975585938,54.95000076293945
2026-03-18,279.5595080758621,-0.015479901144302977,1484.8699951171875,594.9000244140625,54.02000045776367
2026-03-19,281.34445649611274,0.006384860355979294,1505.25,593.02001953125,54.84999847412109
2026-03-20,268.9550686110571,-0.044036367516723574,1489.8399658203125,582.0599975585938,51.13999938964844
2026-03-23,275.29736507463156,0.023581249077503807,1504.2099609375,588.0,53.02999877929688
2026-03-24,279.443711813889,0.015061338266471935,1485.3599853515625,583.97998046875,54.959999084472656
2026-03-25,285.80046536458946,0.02274788546658746,1497.31005859375,587.8200073242188,57.040000915527344
2026-03-26,261.3381677833552,-0.08559222445641668,1500.969970703125,573.7899780273438,48.970001220703125
2026-03-27,252.54240136587006,-0.03365664683459724,1508.3599853515625,562.5800170898438,46.61000061035156
2026-03-30,235.34974850072805,-0.06807828219006362,1516.1300048828125,558.280029296875,40.619998931884766
2026-03-31,259.3411981652867,0.1019395593893504,1503.3299560546875,577.1799926757812,47.90999984741211
2026-04-01,272.7261145781647,0.05161122300494414,1512.0899658203125,584.3099975585938,52.2599983215332
2026-04-02,274.2039564323711,0.005418776476511011,1509.219970703125,584.97998046875,52.75
2026-04-03,274.2039564323711,0.0,1509.219970703125,584.97998046875,52.75
2026-04-06,280.3830729511216,0.02253474603045902,1507.8499755859375,588.5,54.810001373291016
2026-04-07,284.92658299077885,0.01620465169967411,1499.1300048828125,588.5900268554688,56.54999923706055
2026-04-08,317.48809805795315,0.11428036908801897,1477.5999755859375,606.0900268554688,67.5
2026-04-09,330.09294116652904,0.03970178153347681,1473.280029296875,610.1900024414062,71.9800033569336
2026-04-10,341.7611632186654,0.03534829315313903,1473.280029296875,611.0700073242188,76.38999938964844
2026-04-13,352.8565759463388,0.032465399588350374,1476.8399658203125,617.3900146484375,80.55999755859375
2026-04-14,366.61685790970756,0.03899681315691672,1469.4200439453125,628.5999755859375,85.30999755859375
2026-04-15,370.53173813667917,0.010678396649004496,1474.06005859375,637.4000244140625,85.95999908447266
2026-04-16,376.78127958737065,0.01686641333916228,1477.9200439453125,640.469970703125,88.37000274658203
2026-04-17,393.2398241482419,0.043681959408640836,1477.9200439453125,648.8499755859375,94.68000030517578
2026-04-20,395.23220579507347,0.005066581573082152,1469.260009765625,646.7899780273438,95.94000244140624
2026-04-21,398.95161388447127,0.009410690816340717,1485.800048828125,644.3300170898438,98.08999633789062
2026-04-22,417.8971777571114,0.047488375064266286,1477.9599609375,655.1099853515625,105.63999938964844
2026-04-23,431.58571387841096,0.03275575153382704,1479.949951171875,651.4199829101562,112.7699966430664
2026-04-24,467.65382467759844,0.0835711415817364,1479.949951171875,663.8800048828125,128.32000732421875
2026-04-27,458.79354570459753,-0.01894623438418197,1473.0,664.22998046875,123.38999938964844
2026-04-28,431.23950211113475,-0.06005760946603189,1471.989990234375,657.5499877929688,109.55999755859376
2026-04-29,447.98025623258997,0.03882008498641887,1487.3800048828125,661.5700073242188,117.97000122070312
2026-04-30,466.57158206003436,0.04150032410756932,1474.010009765625,667.739990234375,126.9800033569336
2026-05-01,475.0612422207179,0.018195836367057572,1474.010009765625,674.1500244140625,130.39999389648438
2026-05-04,469.42235038755797,-0.01186982083994137,1476.050048828125,672.8800048828125,127.5500030517578
2026-05-05,502.75429135325504,0.07100629302839545,1473.9599609375,681.6099853515625,144.16000366210938
2026-05-06,547.2529595786812,0.08850977304569563,1444.449951171875,695.77001953125,165.85000610351562
2026-05-07,521.9141441048685,-0.04630183360419016,1454.7900390625,694.9400024414062,152.10000610351562
2026-05-08,572.9011624017427,0.09769234820091288,1454.7900390625,711.22998046875,176.94000244140625
2026-05-11,595.5537830395809,0.039540189694977856,1474.449951171875,713.2899780273438,190.4199981689453
2026-05-12,564.1385833818492,-0.05274955940569326,1492.989990234375,707.239990234375,172.52000427246094
2026-05-13,586.1208367818723,0.038966052043889254,1489.8399658203125,714.7100219726562,184.2400054931641
2026-05-14,591.3236850476146,0.008876750218109963,1493.3399658203125,719.7899780273438,186.19000244140625
2026-05-15,551.317479869079,-0.06765534036627374,1493.3399658203125,708.9299926757812,164.17999267578125
2026-05-18,529.2615314947662,-0.040005893481828925,1492.3199462890625,705.8800048828125,151.75
2026-05-19,527.8051562248417,-0.0027517119292826964,1507.8499755859375,701.530029296875,151.88999938964844
2026-05-20,568.1030039094662,0.07634985602046296,1499.77001953125,713.1500244140625,173.1999969482422
2026-05-21,577.3458484710783,0.016269663244176336,1504.4000244140625,714.510009765625,178.38999938964844
2026-05-22,598.9574808761806,0.03743273197916652,1504.4000244140625,717.5399780273438,190.5599975585937
2026-05-25,598.9574808761806,0.0,1514.7900390625,717.5399780273438,190.5599975585937
2026-05-26,659.6412516155559,0.10131565708237655,1505.43994140625,730.280029296875,225.7899932861328
2026-05-27,647.0208556216462,-0.019132211581674996,1503.1099853515625,729.4500122070312,217.97999572753903
2026-05-28,660.0386255784775,0.02011955232003171,1495.2900390625,735.5999755859375,224.6300048828125
2026-05-29,660.713934689264,0.0010231357448127198,1495.2900390625,738.3099975585938,224.33999633789065
2026-06-01,666.6573601823509,0.008995459579465459,1511.27001953125,742.739990234375,227.02999877929688
2026-06-02,726.0450285529284,0.08908274612663569,1516.5999755859375,746.1599731445312,266.32000732421875
2026-06-03,746.1125089107995,0.027639443242063466,1530.1099853515625,744.2100219726562,280.5400085449219
2026-06-04,718.230979123197,-0.03736906894686021,1533.0699462890625,740.6099853515625,262.70001220703125
2026-06-05,584.2826692144665,-0.18649753881718123,1533.0699462890625,705.0599975585938,182.5399932861328
2026-06-08,635.0969225422865,0.08696861297655256,1528.8800048828125,716.0700073242188,211.44000244140625
2026-06-09,616.0625346972457,-0.029970839362354784,1525.81005859375,707.8300170898438,201.67999267578125
2026-06-10,576.546716329696,-0.06414254420936205,1525.050048828125,693.6900024414062,180.6499938964844
2026-06-11,655.6173071101684,0.13714515847707354,1517.3800048828125,717.1199951171875,223.9900054931641
2026-06-12,674.4743846371505,0.028762324182838084,1517.3800048828125,721.3400268554688,234.67999267578125
2026-06-15,739.4159388846781,0.0962846858631472,1513.31005859375,744.0,272.5
2026-06-16,666.257402095955,-0.09894097887458875,1510.9599609375,729.8599853515625,226.19000244140625
2026-06-17,673.8430333149767,0.011385436312089547,1525.4200439453125,722.510009765625,233.8600006103516
2026-06-18,747.5930377099342,0.10944686039439144,1537.56005859375,740.6199951171875,279.2900085449219
2026-06-19,747.5930377099342,0.0,1537.56005859375,740.6199951171875,279.2900085449219
2026-06-22,774.9938808536053,0.03665208443835555,1539.050048828125,737.9500122070312,300.7699890136719
2026-06-23,669.9127635894209,-0.13558960897658234,1535.25,713.6500244140625,231.4199981689453
2026-06-24,665.9074917496393,-0.005978796132083186,1542.760009765625,710.6199951171875,229.57000732421875
2026-06-25,699.6509079710461,0.05067282864283085,1546.47998046875,716.3800048828125,252.6100006103516
2026-06-26,645.1410149282982,-0.0779101297828998,1546.47998046875,706.52001953125,215.6000061035156
2026-06-29,684.4577597818067,0.060942869766043684,1541.72998046875,724.0800170898438,236.5200042724609
2026-06-30,735.25143995183,0.07421010200281097,1548.6099853515625,736.4000244140625,266.7099914550781
2026-07-01,656.5733807891946,-0.10700837140528408,1551.81005859375,725.1699829101562,217.5500030517578
2026-07-02,596.8531993385142,-0.090957360133756,1542.1300048828125,712.5999755859375,181.47000122070312
2026-07-03,596.8531993385142,0.0,1542.1300048828125,712.5999755859375,181.47000122070312
2026-07-06,622.8076399305867,0.04348546781828011,1528.760009765625,722.8200073242188,194.6499938964844
2026-07-07,568.901270086685,-0.08655380311312433,1519.8599853515625,709.4299926757812,165.27999877929688
2026-07-08,585.4315342920102,0.029056472668458566,1503.3499755859375,711.4400024414062,174.82000732421875
2026-07-09,619.3824054301932,0.05799289780186068,1505.9100341796875,723.280029296875,192.4499969482422
2026-07-10,620.0038309525421,0.0010032986357066953,1505.9100341796875,725.510009765625,192.259994506836
2026-07-13,570.7623623553466,-0.0794212328035836,1497.699951171875,711.739990234375,165.3699951171875
2026-07-14,592.3634306720944,0.03784599290606239,1487.8800048828125,719.6900024414062,176.66000366210938
2026-07-15,573.6163385361708,-0.031647956584107795,1486.199951171875,717.739990234375,165.5500030517578
2026-07-16,531.3760343521038,-0.07363860013447543,1478.8499755859375,705.9400024414062,142.47999572753906
2026-07-17,515.5395276570132,-0.029802824499602698,1478.8499755859375,695.3300170898438,135.47000122070312
2026-07-20,518.3598626518293,0.005470647435384279,1475.010009765625,696.0599975585938,136.80999755859375
2026-07-21,564.4932186832904,0.08899870409613064,1479.719970703125,708.969970703125,158.5399932861328
2026-07-22,567.8130666371512,0.005881112197600125,1475.6300048828125,705.3499755859375,160.99000549316406
2026-07-23,556.2084837784894,-0.02043732971379031,1474.0400390625,691.9600219726562,157.5
2026-07-24,513.9742894184185,-0.07593230882269442,1474.0400390625,684.22998046875,136.80999755859375
2026-07-27,496.9146523306749,-0.033191615687717,1464.43994140625,682.1199951171875,128.14999389648438
2026-07-28,459.4670636000068,-0.07536020231045315,1453.1600341796875,675.489990234375,109.54000091552734
2026-07-29,421.33265567385376,-0.08299704363434257,1442.280029296875,661.72998046875,91.98999786376952
2026-07-30,472.2245206237114,0.12078784842457613,1420.5999755859375,683.5499877929688,114.72000122070312
2026-07-31,473.8921230125124,0.003531376106006734,1420.5999755859375,687.989990234375,114.72000122070312
2026-08-03,482.1627215011928,0.017452492006207132,1428.5,700.0700073242188,116.70999908447266
2026-08-04,538.2499190853916,0.11632420982189129,1428.4300537109375,723.8499755859375,139.89999389648438
2026-08-05,519.8217969617049,-0.03423711081090419,1421.1600341796875,717.2999877929688,132.07000732421875
2026-08-06,519.4461409750447,-0.0007226630142402879,1422.300048828125,714.6500244140625,132.3300018310547
2026-08-07,538.6904397226692,0.0370477268567273,1422.300048828125,723.030029296875,140.25
2026-08-10,518.2010110820476,-0.038035627012742435,1417.31005859375,720.8699951171875,130.0
2026-08-11,523.0609071861054,0.009378399501594803,1412.1800537109375,718.4500122070312,133.0
2026-08-12,542.6081189097254,0.037370813714176165,1416.4599609375,723.7000122070312,142.16000366210938
2026-08-13,551.8716157140282,0.017072167705334262,1416.8499755859375,732.0700073242188,145.36000061035156
2026-08-14,550.7116951529364,-0.002101794200071394,1416.8499755859375,731.0700073242188,144.9499969482422
2026-08-17,562.7594857665589,0.021876765501188,1414.72998046875,729.8699951171875,151.52999877929688
2026-08-18,515.4947445402682,-0.08398746253367784,1413.5799560546875,717.510009765625,129.10000610351562
2026-08-19,499.07495994874535,-0.031852477189008965,1389.4000244140625,716.0800170898438,120.73999786376952
2026-08-20,499.9277189242603,0.001708679144316383,1390.7900390625,710.9299926757812,122.20999908447266
2026-08-21,497.8146530922653,-0.0042267426910072015,1390.7900390625,713.4400024414062,120.5999984741211
2026-08-24,475.8473226976973,-0.04412752870594305,1380.760009765625,706.3200073242188,111.16000366210938
2026-08-25,486.6906112637123,0.022787327045451722,1381.489990234375,710.719970703125,115.66999816894533
2026-08-26,488.83682921020164,0.004409819907798429,1383.489990234375,711.3699951171875,116.5999984741211
2026-08-27,505.5471668540261,0.034183876183844,1380.449951171875,721.1099853515625,123.0500030517578
2026-08-28,479.7460164528598,-0.05103608939542581,1380.449951171875,716.4299926757812,111.33999633789062
2026-08-31,482.9804292886484,0.006741927446741736,1366.6199951171875,716.760009765625,112.79000091552734
2026-09-01,465.1045019354809,-0.0370117012391078,1372.8599853515625,707.6400146484375,105.91000366210938
2026-09-02,466.5881343129895,0.0031898903823432967,1358.3900146484375,709.239990234375,106.3499984741211
2026-09-03,470.250862074778,0.00785002337700158,1355.4100341796875,717.6699829101562,106.73999786376952
2026-09-04,493.3903678780783,0.04920672702482087,1355.4100341796875,718.9600219726562,117.27999877929688
2026-09-07,493.3903678780783,0.0,1343.5699462890625,718.9600219726562,117.27999877929688
2026-09-08,505.78427091471906,0.025119872303026813,1339.2099609375,718.3599853515625,123.2699966430664
2026-09-09,510.5499028999045,0.009422262136714377,1339.1700439453125,716.3099975585938,125.87000274658205
2026-09-10,486.66916822653894,-0.046774535726525235,1348.1700439453125,708.6900024414062,115.76000213623048
2026-09-11,501.5401649466373,0.030556685508328796,1348.1700439453125,714.8800048828125,121.81999969482422
2026-09-14,456.9496953112876,-0.0889070761463222,1345.6099853515625,709.1799926757812,101.12999725341795
2026-09-15,457.7716972518625,0.0017988893504239378,1363.5699462890625,704.5399780273438,102.31999969482422
2026-09-16,461.2314132882167,0.00755773250535996,1376.5999755859375,704.719970703125,103.97000122070312
2026-09-17,487.8460535916599,0.057703442429694496,1379.530029296875,716.9199829101562,114.81999969482422
2026-09-18,507.65310996555104,0.04060103843838858,1379.530029296875,721.4500122070312,123.66999816894533
